country,region_id,authority_id,auth_name_e,old_park_id,new_park_id
England,E12000006,E07000070,Chelmsford,CHELM_83e671f5ecaa,b5154652c8a9
England,E12000006,E07000070,Chelmsford,CHELM_0ec689487d39,f7f4763afe5f
England,E12000006,E07000070,Chelmsford,CHELM_0fa142796a40,4fb2c2a5082a
England,E12000006,E07000070,Chelmsford,CHELM_5c2496a552b4,c36824127931
England,E12000006,E07000070,Chelmsford,CHELM_0e6f0cab2f9a,7196fc58fd87
England,E12000006,E07000070,Chelmsford,CHELM_76a507edb3d8;CHELM_d6429b13345c,22a98c7c87e4
England,E12000006,E07000070,Chelmsford,CHELM_75d487a1bde3;CHELM_27b3af4f76a0,153580d4c6a9
England,E12000006,E07000070,Chelmsford,CHELM_f945daf9e1f3,920d656671a5
England,E12000006,E07000070,Chelmsford,CHELM_a89de6d4801e,61c9764a35b5
England,E12000006,E07000070,Chelmsford,CHELM_d23d661da272,1fd99492f95e
England,E12000006,E07000070,Chelmsford,CHELM_07178a933ab7;CHELM_fa68c03e81fb,d6dd95fdef7c
England,E12000006,E07000070,Chelmsford,CHELM_d9321c733871;CHELM_abaa2acadac3,c10212f60511
England,E12000006,E07000070,Chelmsford,CHELM_9f50fa34c958,d51f6c825f02
England,E12000006,E07000070,Chelmsford,CHELM_35ae38b16a92,6fd3ea29f340
England,E12000006,E07000070,Chelmsford,CHELM_47282a15f6c2;CHELM_b61a87574dd2,5545884f885e
England,E12000006,E07000070,Chelmsford,CHELM_4bc5ce47ec29;CHELM_52819665b45b,f658b52415f8
England,E12000006,E07000070,Chelmsford,CHELM_299fbf3d07f4,2aadde0aa686
England,E12000006,E07000070,Chelmsford,CHELM_afb6d5253a8a,73bc1c6541b1
England,E12000006,E07000070,Chelmsford,CHELM_c92af1ad716b;CHELM_74c4acf17254,ebe1fc0ad9b2
England,E12000006,E07000070,Chelmsford,CHELM_3e0dbce50acb,01286d0e9485
England,E12000006,E07000070,Chelmsford,CHELM_33951c44abbf;CHELM_87c1b89c2154,131c0ce32ad7
England,E12000006,E07000070,Chelmsford,CHELM_3a5c9bdf6e95,a55ade61bfeb
England,E12000006,E07000070,Chelmsford,CHELM_0492c3beaf9d;CHELM_49c5a6844f0b,c6743674c8a4
England,E12000006,E07000070,Chelmsford,CHELM_f6337b7e03dd,ee2855d01da3
England,E12000006,E07000070,Chelmsford,CHELM_9ae19f46c9b2,6907805a883b
England,E12000006,E07000070,Chelmsford,CHELM_0fbfa3585e82,63336c812fbd
England,E12000006,E07000070,Chelmsford,CHELM_c5e94da7258d,27541bcb424d
England,E12000006,E07000070,Chelmsford,CHELM_a0005f6ce832;CHELM_1f453f0e6501,9eda8291757f
England,E12000006,E07000070,Chelmsford,CHELM_7353b62388e7;CHELM_30a2c23d63f4,28c2fc474d94
England,E12000006,E07000070,Chelmsford,CHELM_74ac37492542;CHELM_ada1be028067,49c37c9a255f
England,E12000006,E07000070,Chelmsford,CHELM_f1c7f2383afb,7b8609eef810
England,E12000006,E07000070,Chelmsford,CHELM_7b31ed292303;CHELM_05491dd18afc,8c2da7b0c3d6
England,E12000006,E07000070,Chelmsford,CHELM_a0b4b2d3a269,884152a995b1
England,E12000006,E07000070,Chelmsford,CHELM_a522ba9a78c8,ff04debff695
England,E12000006,E07000070,Chelmsford,CHELM_472a5b38cd2e;CHELM_a4fa6f3d96c0;CHELM_3257fa382ecc;CHELM_b4172522963c;CHELM_ea2e36e56012;CHELM_e5d951c00861;CHELM_0f89591881d9;CHELM_8c856220136e;CHELM_a378bd0f4e01;CHELM_781a6ea56288;CHELM_171973a186ff;CHELM_dd387d303505;CHELM_7f085baf03c9;CHELM_6d21d4ee48dc;CHELM_6575f175607a,e46b608749ae
England,E12000006,E07000070,Chelmsford,CHELM_1678dcdc355b,217962c29279
England,E12000006,E07000070,Chelmsford,CHELM_bc4ce72e13a3;CHELM_eaf506f081bc,e9daf5f70c44
England,E12000006,E07000070,Chelmsford,CHELM_ad63982d6a05,87ebf143e233
England,E12000006,E07000070,Chelmsford,CHELM_96ef413dfc15;CHELM_c26b47df621b,70a86710ae8c
England,E12000006,E07000070,Chelmsford,CHELM_3bb8395c0448;CHELM_ad500a9cf710,061df4d831ce
England,E12000006,E07000070,Chelmsford,CHELM_99097f382e61,0dff8c909736
England,E12000006,E07000070,Chelmsford,CHELM_ba2c425ee8c1;CHELM_5998a9aa6678,f9af543855b3
England,E12000006,E07000070,Chelmsford,CHELM_bc37a95ca5d8;CHELM_4aa8234df6ea,538167a25680
England,E12000006,E07000070,Chelmsford,CHELM_4afadd5a0f07,49c98e9a1af3
England,E12000006,E07000070,Chelmsford,CHELM_042901ae2a42;CHELM_c8ab45fa7b6e;CHELM_55f3dbb32bd0;CHELM_6261d1b12b55;CHELM_02fae1e70b86;CHELM_b6f7395d604d,c4404d2a07dd
England,E12000006,E07000070,Chelmsford,CHELM_43a1e5642ee3;CHELM_662283f8decf;CHELM_39ba718d2f9b;CHELM_5c456eb179ca,8cf60e032ea8
England,E12000006,E07000070,Chelmsford,CHELM_0430503bf35a;CHELM_5d3e80d0d582,7750c155f544
England,E12000006,E07000070,Chelmsford,CHELM_cdc648e751da;CHELM_978660ffd573,e3bf92a78c12
England,E12000006,E07000070,Chelmsford,CHELM_bed594e25f9d;CHELM_59a3767df814;CHELM_edb0355e9769,db159e6ec9be
England,E12000006,E07000070,Chelmsford,CHELM_db918f8fb802,325603192da4
England,E12000006,E07000070,Chelmsford,CHELM_a7bc14a974a2;CHELM_534d85e601f3;CHELM_2954bf5b4a7c;CHELM_1989a12d26de;CHELM_d3bc65f07f57;CHELM_1cd0cb45b63c,eb3f15c65686
England,E12000006,E07000070,Chelmsford,CHELM_7a5b66acf1e0;CHELM_c1ee345f00a0,8ced27575e3a
England,E12000006,E07000070,Chelmsford,CHELM_fcf7d7fc6928,08c63f911ab3
England,E12000006,E07000070,Chelmsford,CHELM_e4de3125bffc,8dc8ebdd4ca0
England,E12000006,E07000070,Chelmsford,CHELM_97e331107552;CHELM_1681308d993f,1bf70595d36e
England,E12000006,E07000070,Chelmsford,CHELM_2b94f1613619,dd2f52681b62
England,E12000006,E07000070,Chelmsford,CHELM_73df8db44c80,ed9a8bccc475
England,E12000006,E07000070,Chelmsford,CHELM_8a51bfd9b215,4ca4a2c1f0a3
England,E12000006,E07000070,Chelmsford,CHELM_c20373fa6dc4;CHELM_f07cbb409536,6eb869bcb926
England,E12000006,E07000070,Chelmsford,CHELM_298521796fcf;CHELM_39c9eb750933,dd5dbb947416
England,E12000006,E07000070,Chelmsford,CHELM_0ea946070748;CHELM_3dee0d695be2,1440b8a3dd89
England,E12000006,E07000070,Chelmsford,CHELM_03ee05dae950,3478d4c5c46d
England,E12000006,E07000070,Chelmsford,CHELM_c5e41f1035ac;CHELM_ddd4f455d863,9b52c25f33f7
England,E12000006,E07000070,Chelmsford,CHELM_6d8444bdd83b;CHELM_47772d48c893,f289e7c62744
England,E12000006,E07000070,Chelmsford,CHELM_a13bc72720be,6039280e6c9c
England,E12000006,E07000070,Chelmsford,CHELM_34d6f68406b4,5171eb02a4a0
England,E12000006,E07000070,Chelmsford,CHELM_cca24d32ec76,9873028bcd8d
England,E12000006,E07000070,Chelmsford,CHELM_d0ee3eaaa683,3096455801ae
England,E12000006,E07000070,Chelmsford,CHELM_4126bbc49fd9,82320fee9ad9
England,E12000006,E07000070,Chelmsford,CHELM_6b3c3d0d5668,c866f7166626
England,E12000006,E07000070,Chelmsford,CHELM_0844d5045710,bae387c0226a
England,E12000006,E07000070,Chelmsford,CHELM_a054ccee10ec,91f69084b163
England,E12000006,E07000070,Chelmsford,CHELM_d3caf4b4be24,7241f6bf82f2
England,E12000006,E07000070,Chelmsford,CHELM_ac912c230378,0643e569f75c
England,E12000006,E07000070,Chelmsford,CHELM_f367fd7edaa7,6efc7986c717
England,E12000006,E07000070,Chelmsford,CHELM_d688733da92b,8fcfdfbdd1ce
England,E12000006,E07000070,Chelmsford,CHELM_68054265dda2,ab8729116a44
England,E12000006,E07000070,Chelmsford,CHELM_cbbfefb30e74,69d60176ac8f
England,E12000006,E07000070,Chelmsford,CHELM_d05ec8bb59a3,c19963e87a37
England,E12000006,E07000070,Chelmsford,CHELM_2ec43fe98277,033a4bc6892f
England,E12000006,E07000070,Chelmsford,CHELM_aa2772f4ad20,702f49117ac5
England,E12000006,E07000070,Chelmsford,CHELM_b0c9334b3174,f333e3e4da30
England,E12000006,E07000070,Chelmsford,CHELM_3b0a0a22f36c,e98eed36c9be
England,E12000006,E07000070,Chelmsford,CHELM_a2c44d7c9fd2,0209d77126bf
England,E12000006,E07000070,Chelmsford,CHELM_82b565fd0bb0,302f447e0789
England,E12000006,E07000070,Chelmsford,CHELM_ab405c8a2279,ae3bcf010b66
England,E12000006,E07000070,Chelmsford,CHELM_704891a294d6,876b14126257
England,E12000006,E07000070,Chelmsford,CHELM_cd52841f10d9,f5154fdc1d02
England,E12000006,E07000070,Chelmsford,CHELM_f94ae31ab58f,d4e094102d2b
England,E12000006,E07000070,Chelmsford,CHELM_40ab3097bd27,bc5ed8c17419
England,E12000006,E07000070,Chelmsford,CHELM_05ffbf3e687f,1d751bbd1193
England,E12000006,E07000070,Chelmsford,CHELM_6af3f992e0ac,ad4b3fddd149
England,E12000006,E07000070,Chelmsford,CHELM_64c109f228b8,74b19d8bb5c8
England,E12000006,E07000070,Chelmsford,CHELM_a4f7bc6fd79a,8e9af6dbbdd0
England,E12000006,E07000070,Chelmsford,CHELM_5591f09d0fc2,00e61d2a75f9
England,E12000006,E07000070,Chelmsford,CHELM_dc2e8a40b2d7,4c994c912e71
England,E12000006,E07000070,Chelmsford,CHELM_cc6a1c954158,1d0978055c86
England,E12000006,E07000070,Chelmsford,CHELM_b0788e2f5b79,5fbc70045467
England,E12000006,E07000070,Chelmsford,CHELM_aefdbdc5ebcf;CHELM_98f19734ecf5,af16a6f1ff7c
England,E12000006,E07000070,Chelmsford,CHELM_23b7aa6ed151,5637aada8ceb
England,E12000006,E07000070,Chelmsford,CHELM_40b3151d0cb1,10db6a397f6a
England,E12000006,E07000070,Chelmsford,CHELM_1d4b469f716d,4138b92c863c
England,E12000006,E07000070,Chelmsford,CHELM_35981afc9b83;CHELM_0e40f7bfb3c3,7f31ece3af4e
England,E12000006,E07000070,Chelmsford,CHELM_2ca620470abc,3782291f806f
England,E12000006,E07000070,Chelmsford,CHELM_dbda987e71d8,5c046a49bd07
England,E12000006,E07000070,Chelmsford,CHELM_11bb18e31455,7620ab0d690d
England,E12000006,E07000070,Chelmsford,CHELM_9707279dd0be,336618ab65a4
England,E12000006,E07000070,Chelmsford,CHELM_75a04d5cdc24,c6202dd62c53
England,E12000006,E07000070,Chelmsford,CHELM_3aff1adc4cc1,2f493bbf60f5
England,E12000006,E07000070,Chelmsford,CHELM_705e6e15e158,494e5da793ba
England,E12000006,E07000070,Chelmsford,CHELM_1267e76d02b0,1f01aecc7f54
England,E12000006,E07000070,Chelmsford,CHELM_b0e6636fbcce,631a816c523b
England,E12000006,E07000070,Chelmsford,CHELM_09b7d877ceec,3d1a8dccb1c1
England,E12000006,E07000070,Chelmsford,CHELM_0062611eabc6,cae01fd729ab
England,E12000006,E07000070,Chelmsford,CHELM_5cbcc097f83e,724e92dbd556
England,E12000006,E07000070,Chelmsford,CHELM_f62fd6137a6f,f036e80f265c
England,E12000006,E07000070,Chelmsford,CHELM_1ccf21e4e44b,9659e7117b32
England,E12000006,E07000070,Chelmsford,CHELM_397cb054d2fd,572d258ff144
England,E12000006,E07000070,Chelmsford,CHELM_cf537427662e,795123eb4b7b
England,E12000006,E07000070,Chelmsford,CHELM_9047f3396174,f88013aee4be
England,E12000006,E07000070,Chelmsford,CHELM_a6040a50b6bb,3c3e21b48b78
England,E12000006,E07000070,Chelmsford,CHELM_e07186eabce5,88d6831e233b
England,E12000006,E07000070,Chelmsford,CHELM_9df4daa0ff11,490614a57121
England,E12000006,E07000070,Chelmsford,CHELM_251a60af79d6,ac058463dcb6
England,E12000006,E07000070,Chelmsford,CHELM_1d3a7ae71b71,ccdcdd4a3103
England,E12000006,E07000070,Chelmsford,CHELM_8ec245879a4b,ce5a72e2bd1a
England,E12000006,E07000070,Chelmsford,CHELM_a76c57381fa9,b6fd45dd88b9
England,E12000006,E07000070,Chelmsford,CHELM_b3be4d5eb28b,e299fecf5459
England,E12000006,E07000070,Chelmsford,CHELM_995dd80f6b00,f041f80e4bf4
England,E12000006,E07000070,Chelmsford,CHELM_0e90b8307b2e,d4424faee4d0
England,E12000006,E07000070,Chelmsford,CHELM_1d8a9978cc55,0ff3877f50d1
England,E12000006,E07000070,Chelmsford,CHELM_750c59759869,6f5439d68b56
England,E12000006,E07000070,Chelmsford,CHELM_743465a2fa7e,0cbe878d4b68
England,E12000006,E07000070,Chelmsford,CHELM_16d84b30a147,19fb6e5c2a96
England,E12000006,E07000070,Chelmsford,CHELM_e7f85413d70e,c9db5129850d
England,E12000006,E07000070,Chelmsford,CHELM_9bb111a5f491,574832176ee7
England,E12000006,E07000070,Chelmsford,CHELM_60f42f498f8e,8e333e54ebca
England,E12000006,E07000070,Chelmsford,CHELM_8420261c80f2,1a43b578a9f3
England,E12000006,E07000070,Chelmsford,CHELM_e2801eb12c2d,0e87d62a75e2
England,E12000006,E07000070,Chelmsford,CHELM_12b7b5806afa,820c037fcbc3
England,E12000006,E07000070,Chelmsford,CHELM_dd06d50b71af,fdaeaa04456a
England,E12000006,E07000070,Chelmsford,CHELM_c5fd84846532,448e6aaf4d30
England,E12000006,E07000070,Chelmsford,CHELM_fbd250b431db,3c46b4056e26
England,E12000006,E07000070,Chelmsford,CHELM_b9c169dbdca1,9e0b3ffae870
England,E12000006,E07000070,Chelmsford,CHELM_4718eff089a5,45c978223a92
England,E12000006,E07000070,Chelmsford,CHELM_fd17d918b029,1e33f4162426
England,E12000006,E07000070,Chelmsford,CHELM_cfc3dea7ee0c,bc2e12fae7c4
England,E12000006,E07000070,Chelmsford,CHELM_b6ec17fb3470,fd7fbdd2d353
England,E12000006,E07000070,Chelmsford,CHELM_d4974e089d44,13f9ac3aa129
England,E12000006,E07000070,Chelmsford,CHELM_ffc95b6c84ed,e354822b4603
England,E12000006,E07000070,Chelmsford,CHELM_9c284a3a6311,f10b90b03d8f
England,E12000006,E07000070,Chelmsford,CHELM_fb5818379e02,7c5599957e29
England,E12000006,E07000070,Chelmsford,CHELM_6c4ef612df83,ce80eb06d4a9
England,E12000006,E07000070,Chelmsford,CHELM_526848f96fed,8baa336d9eb2
England,E12000006,E07000070,Chelmsford,CHELM_c9fc7a4ee5fd,14156735160a
England,E12000006,E07000070,Chelmsford,CHELM_408f7f6ee932,c36a93774cf5
England,E12000006,E07000070,Chelmsford,CHELM_ce532882013a,5257ad59b076
England,E12000006,E07000070,Chelmsford,CHELM_b381af13b83f,a6f3fe6822c5
England,E12000006,E07000070,Chelmsford,CHELM_7e80caadcb88,68beada5dfc4
England,E12000006,E07000070,Chelmsford,CHELM_228763aa899a,fe16730e5b04
England,E12000006,E07000070,Chelmsford,CHELM_e75df08d8d72,f8853b96f8b3
England,E12000006,E07000070,Chelmsford,CHELM_1b55e0abb393,c7c15421efac
England,E12000006,E07000070,Chelmsford,CHELM_819d991e8da7,05efa5430b4c
England,E12000006,E07000070,Chelmsford,CHELM_ce8dcd52609b,e387de0de2d0
England,E12000006,E07000070,Chelmsford,CHELM_7b47c382e984,1412498c0754
England,E12000006,E07000070,Chelmsford,CHELM_2147ba1e1a08,e15719936f0c
England,E12000006,E07000070,Chelmsford,CHELM_74f9dd402c82,cf3a2237be62
England,E12000006,E07000070,Chelmsford,CHELM_cf83f114ee18,9b2a562fa2db
England,E12000006,E07000070,Chelmsford,CHELM_3af6db32c729,bdf25b7141e1
England,E12000006,E07000070,Chelmsford,CHELM_0ec29b129461,540dd527db8f
England,E12000006,E07000070,Chelmsford,CHELM_3541868d01ed,60247ca69b08
England,E12000006,E07000070,Chelmsford,CHELM_92a9e6186780,520fcda9c5e6
England,E12000006,E07000070,Chelmsford,CHELM_5efa0f64a556,59cbdfff25f2
England,E12000006,E07000070,Chelmsford,CHELM_55fc244a4f20,bf4b8fae87fb
England,E12000006,E07000070,Chelmsford,CHELM_0050d2a758db,12291ef03e7d
England,E12000006,E07000070,Chelmsford,CHELM_e85dd8f90843,2e8365848516
England,E12000006,E07000070,Chelmsford,CHELM_da411af31c13,1561762627d9
England,E12000006,E07000070,Chelmsford,CHELM_ba57411feab7,ea2502e7daf6
England,E12000006,E07000070,Chelmsford,CHELM_4455490cc2cd,6bb2011e4e94
England,E12000006,E07000070,Chelmsford,CHELM_cc5b83a0446f,785f856dbb87
England,E12000006,E07000070,Chelmsford,CHELM_4fa8f1190ac5,9705e8be9651
England,E12000006,E07000070,Chelmsford,CHELM_07840b18c82d,71d737b11f52
England,E12000006,E07000070,Chelmsford,CHELM_f1bfa311bb4e,c991797e0355
England,E12000006,E07000070,Chelmsford,CHELM_454f926ed2d7,39c10708d338
England,E12000006,E07000070,Chelmsford,CHELM_f87d21df6360,5583834cb49e
England,E12000006,E07000070,Chelmsford,CHELM_87ec17abdf82,ef45075544e8
England,E12000006,E07000070,Chelmsford,CHELM_f81670e90dbf,5606efb6f2ad
England,E12000006,E07000070,Chelmsford,CHELM_a86c4d610c5d,47cb9516368d
England,E12000006,E07000070,Chelmsford,CHELM_2de129c017cb,e49ebd1d79c0
England,E12000006,E07000070,Chelmsford,CHELM_598285e676dd,9e63ed8d5ccc
