country,region_id,authority_id,auth_name_e,old_park_id,new_park_id,park_offical_id
England,E12000006,E07000144,Broadland,BROAD_8df21a9c5afa;BROAD_4de42fdb60c5;BROAD_6850726a3ab5,62b96f531968,BROAD_0
England,E12000006,E07000144,Broadland,BROAD_d5f65b51073c,85dc5769f92f,BROAD_1
England,E12000006,E07000144,Broadland,BROAD_425976d12e46,3d8f6e573fb7,BROAD_2
England,E12000006,E07000144,Broadland,BROAD_b556911d52ce,b81127204ba5,BROAD_3
England,E12000006,E07000144,Broadland,BROAD_771b241406b7;BROAD_b927bb085abf,0b0cb9022c26,BROAD_4
England,E12000006,E07000144,Broadland,BROAD_dba57961bcbd;BROAD_32714e40f0fc,98bb8df93569,BROAD_5
England,E12000006,E07000144,Broadland,BROAD_14fd0ab11d0c;BROAD_22ea18ef95b7,4b70a2ba82e7,BROAD_6
England,E12000006,E07000144,Broadland,BROAD_573cb0ca0e3b;BROAD_60d1bf6c5207,443f10ab9b90,BROAD_7
England,E12000006,E07000144,Broadland,BROAD_9e03f184a58d,0b9755381241,BROAD_8
England,E12000006,E07000144,Broadland,BROAD_6a64e2cb66f8,2b89b5126564,BROAD_9
England,E12000006,E07000144,Broadland,BROAD_2606c8f4f096;BROAD_8ad0831716e7,60b706b58ca0,BROAD_10
England,E12000006,E07000144,Broadland,BROAD_cf42b501f59c;BROAD_6fedf194217b,183aee728a8b,BROAD_11
England,E12000006,E07000144,Broadland,BROAD_90eee3ea7097,b1683e905ec9,BROAD_12
England,E12000006,E07000144,Broadland,BROAD_896971e42041;BROAD_81016cb63e1d,44cb755854a5,BROAD_13
England,E12000006,E07000144,Broadland,BROAD_bbf015cd01ea;BROAD_a68242af43b8,a19e44aa3be8,BROAD_14
England,E12000006,E07000144,Broadland,BROAD_781c568fefbc,224c9f36a846,BROAD_15
England,E12000006,E07000144,Broadland,BROAD_d8e80c8a65b7,4c799334a08f,BROAD_16
England,E12000006,E07000144,Broadland,BROAD_9aa7a4aea0ca,455d2acfa343,BROAD_17
England,E12000006,E07000144,Broadland,BROAD_b30645aa0e3c;BROAD_5467cb764951,420521a1bbf1,BROAD_18
England,E12000006,E07000144,Broadland,BROAD_16423726ddc5,13a97074aa8a,BROAD_19
England,E12000006,E07000144,Broadland,BROAD_b5e67f55ca1f,e1e894da5964,BROAD_20
England,E12000006,E07000144,Broadland,BROAD_f5f04866533d,91b6db0682c8,BROAD_21
England,E12000006,E07000144,Broadland,BROAD_877f189e4f26,9fae39a3e725,BROAD_22
England,E12000006,E07000144,Broadland,BROAD_c84a10a95dcd;BROAD_a41aed785468,fbfe3f6eeb4e,BROAD_23
England,E12000006,E07000144,Broadland,BROAD_144b079a873e;BROAD_3f6ef03a3e6d,5d9dad9d722e,BROAD_24
England,E12000006,E07000144,Broadland,BROAD_3474b3afe752;BROAD_7027769d8e9f,f2fc784496cf,BROAD_25
England,E12000006,E07000144,Broadland,BROAD_8062c8996ad1,e1eb0b7e5ebf,BROAD_26
England,E12000006,E07000144,Broadland,BROAD_62990d27c6ab,fbf196f83024,BROAD_27
England,E12000006,E07000144,Broadland,BROAD_627c176ac770,6d62b8edd675,BROAD_28
England,E12000006,E07000144,Broadland,BROAD_8682de5b0575,3a619ac60999,BROAD_29
England,E12000006,E07000144,Broadland,BROAD_cae9ecbba928;BROAD_a85adac66889,5aa3de0a5878,BROAD_30
England,E12000006,E07000144,Broadland,BROAD_6ded35554599,1957dc05b4cd,BROAD_31
England,E12000006,E07000144,Broadland,BROAD_c7b79d40f46f,f05a7f796899,BROAD_32
England,E12000006,E07000144,Broadland,BROAD_4c244950a688;BROAD_0f486624ee27,d8de879b2e99,BROAD_33
England,E12000006,E07000144,Broadland,BROAD_cf336b5edbf0;BROAD_f8da43e18044,ab7f6408553b,BROAD_34
England,E12000006,E07000144,Broadland,BROAD_ecd46d92e76d,daf7bccc8cbb,BROAD_35
England,E12000006,E07000144,Broadland,BROAD_2b904826fd34,84fd841164f8,BROAD_36
England,E12000006,E07000144,Broadland,BROAD_da720248b707;BROAD_3ff200e4af7f,bec047dfe068,BROAD_37
England,E12000006,E07000144,Broadland,BROAD_0e9acc4e8aac,f24a28261d32,BROAD_38
England,E12000006,E07000144,Broadland,BROAD_eb4817d545c0,7635fbb0dd0a,BROAD_39
England,E12000006,E07000144,Broadland,BROAD_547106de52da,fb97cfa6e026,BROAD_40
England,E12000006,E07000144,Broadland,BROAD_abf55ec441fc,989ed9ed994c,BROAD_41
England,E12000006,E07000144,Broadland,BROAD_dce4298adfee,1649f0bece79,BROAD_42
England,E12000006,E07000144,Broadland,BROAD_51a0bc0f12f5,18660c865337,BROAD_43
England,E12000006,E07000144,Broadland,BROAD_9f35d01a4759,b749b559132a,BROAD_44
England,E12000006,E07000144,Broadland,BROAD_957cf6648b8d,d01b33345881,BROAD_45
England,E12000006,E07000144,Broadland,BROAD_acd4b93c6cc2,9d7df25a925e,BROAD_46
England,E12000006,E07000144,Broadland,BROAD_f0f50241aba8,6b0f09270be4,BROAD_47
England,E12000006,E07000144,Broadland,BROAD_92bc6e7b7b22,a2312587f671,BROAD_48
England,E12000006,E07000144,Broadland,BROAD_022b0391c52f,003b2933b31d,BROAD_49
England,E12000006,E07000144,Broadland,BROAD_e4d5ddfca19f,c19aae8c3093,BROAD_50
England,E12000006,E07000144,Broadland,BROAD_c00abbb14bee,24f597cb6815,BROAD_51
England,E12000006,E07000144,Broadland,BROAD_993d7edb6f16,b8ef428c3d53,BROAD_52
England,E12000006,E07000144,Broadland,BROAD_fd15b6aac1d4,731ac4cd4e75,BROAD_53
England,E12000006,E07000144,Broadland,BROAD_6365764b6d84,d1e7671f128c,BROAD_54
England,E12000006,E07000144,Broadland,BROAD_0516e93cd65d,b52b99d40186,BROAD_55
England,E12000006,E07000144,Broadland,BROAD_2d3429aeff7b,8b532badccf8,BROAD_56
England,E12000006,E07000144,Broadland,BROAD_4f6231b088f5,bce21ac8f3f4,BROAD_57
England,E12000006,E07000144,Broadland,BROAD_67d855a33f9f,3e124cbd644f,BROAD_58
England,E12000006,E07000144,Broadland,BROAD_595af1ac778b,23d845481b51,BROAD_59
England,E12000006,E07000144,Broadland,BROAD_922508a73fb2,df5a6e474e0c,BROAD_60
England,E12000006,E07000144,Broadland,BROAD_32d018af8273,c7bbf10a79d4,BROAD_61
England,E12000006,E07000144,Broadland,BROAD_5aabd1579919,82acb0110fd7,BROAD_62
England,E12000006,E07000144,Broadland,BROAD_80fda8bd9b5c,bb38285c0812,BROAD_63
England,E12000006,E07000144,Broadland,BROAD_ea0a526f4291,e8473bf51231,BROAD_64
England,E12000006,E07000144,Broadland,BROAD_5834a523e2d8,c9c2405518fb,BROAD_65
England,E12000006,E07000144,Broadland,BROAD_f9059d99b098,54ad7fa52262,BROAD_66
England,E12000006,E07000144,Broadland,BROAD_1f0dd9fa4e91,1532b4a02cfe,BROAD_67
England,E12000006,E07000144,Broadland,BROAD_502fcbbfda4f,866bfdddc020,BROAD_68
England,E12000006,E07000144,Broadland,BROAD_57e7f28a8122,6265627a9cf4,BROAD_69
England,E12000006,E07000144,Broadland,BROAD_3b2c93a1c531,73f044abd429,BROAD_70
England,E12000006,E07000144,Broadland,BROAD_9fc954865710,ef4fd5fd1a18,BROAD_71
England,E12000006,E07000144,Broadland,BROAD_9d142f9f3ee5,c3fc61437ef4,BROAD_72
England,E12000006,E07000144,Broadland,BROAD_3d85ef37b7cd,8ca2a9bb4e50,BROAD_73
England,E12000006,E07000144,Broadland,BROAD_b63f8265bb0b,31de44b9a98e,BROAD_74
England,E12000006,E07000144,Broadland,BROAD_50533674edbb,d3ba96f2621a,BROAD_75
England,E12000006,E07000144,Broadland,BROAD_aa3ed05e120f,d7b90b836a1e,BROAD_76
England,E12000006,E07000144,Broadland,BROAD_bb7e76734ca0,61f3994574ea,BROAD_77
England,E12000006,E07000144,Broadland,BROAD_ef13baf70b5c,035d4528eed1,BROAD_78
England,E12000006,E07000144,Broadland,BROAD_9463877153f2,6ffd04c18011,BROAD_79
England,E12000006,E07000144,Broadland,BROAD_21561da4725b,3e2ca3c9b59f,BROAD_80
England,E12000006,E07000144,Broadland,BROAD_1d8086b8d785,b7f0a5d81c3f,BROAD_81
England,E12000006,E07000144,Broadland,BROAD_b2c4abf69864,c2af0b637631,BROAD_82
England,E12000006,E07000144,Broadland,BROAD_adbda3f0fe77,65ee1ab7c7f4,BROAD_83
England,E12000006,E07000144,Broadland,BROAD_3da4a810fcf9,761f231d0232,BROAD_84
England,E12000006,E07000144,Broadland,BROAD_749f4f2af6fe,d84b9d87fbba,BROAD_85
England,E12000006,E07000144,Broadland,BROAD_bafacb1d1808,795c8f123e85,BROAD_86
England,E12000006,E07000144,Broadland,BROAD_36403dab0634,341f9b903b8e,BROAD_87
England,E12000006,E07000144,Broadland,BROAD_13328ececde1,713c1342ed63,BROAD_88
England,E12000006,E07000144,Broadland,BROAD_45c949257cc2,dbeae47637c5,BROAD_89
England,E12000006,E07000144,Broadland,BROAD_36cdfd1e7baf,9eeb4f20e32c,BROAD_90
England,E12000006,E07000144,Broadland,BROAD_b16461f42f7f,83c8f5aa2f37,BROAD_91
England,E12000006,E07000144,Broadland,BROAD_2a2c82c54909,dc2595f3a14f,BROAD_92
England,E12000006,E07000144,Broadland,BROAD_d2b01401ed9b,25b01ad1c2a4,BROAD_93
England,E12000006,E07000144,Broadland,BROAD_e4641e53152a,f003e7098267,BROAD_94
England,E12000006,E07000144,Broadland,BROAD_7edea5b4ce58,abbf0ed03537,BROAD_95
England,E12000006,E07000144,Broadland,BROAD_1309be97050c,fcfdb189cdb5,BROAD_96
England,E12000006,E07000144,Broadland,BROAD_4c0a12a62fda,636e77108104,BROAD_97
England,E12000006,E07000144,Broadland,BROAD_6eb3072394f8,30447843fc26,BROAD_98
England,E12000006,E07000144,Broadland,BROAD_e0364cb6fa63,7822980c082e,BROAD_99
England,E12000006,E07000144,Broadland,BROAD_156fdef161f1,d84d69e751b1,BROAD_100
England,E12000006,E07000144,Broadland,BROAD_9126d47100e0,3b2ba5b81e7d,BROAD_101
England,E12000006,E07000144,Broadland,BROAD_a51dd4458a3c,e5a8dfdafa50,BROAD_102
England,E12000006,E07000144,Broadland,BROAD_994f010c643b,d617dcf7b432,BROAD_103
England,E12000006,E07000144,Broadland,BROAD_54649e3ba269,f84e8f4fffeb,BROAD_104
England,E12000006,E07000144,Broadland,BROAD_282d7d22513d,dee40426bc59,BROAD_105
England,E12000006,E07000144,Broadland,BROAD_6def0dfd480b,efa92ffae772,BROAD_106
England,E12000006,E07000144,Broadland,BROAD_c53d3cb771dd,458d9cc3c5f4,BROAD_107
England,E12000006,E07000144,Broadland,BROAD_d236873c78ed,01e606c5098f,BROAD_108
England,E12000006,E07000144,Broadland,BROAD_0784c203d2bb,ec7483c5e3ee,BROAD_109
England,E12000006,E07000144,Broadland,BROAD_fb9997a53b6d,21dd445a7f73,BROAD_110
England,E12000006,E07000144,Broadland,BROAD_019e7cd952a0,ca373978c8a8,BROAD_111
England,E12000006,E07000144,Broadland,BROAD_23a8b2280d6c,d09ffdb6e483,BROAD_112
England,E12000006,E07000144,Broadland,BROAD_47c63385fd0b,bc2e6e82a6dc,BROAD_113
England,E12000006,E07000144,Broadland,BROAD_59a34430d453,27ff04f00d82,BROAD_114
England,E12000006,E07000144,Broadland,BROAD_2cdf59231ffc,f8821aca2cec,BROAD_115
England,E12000006,E07000144,Broadland,BROAD_ec70c436953b,0d73c67a0bcc,BROAD_116
England,E12000006,E07000144,Broadland,BROAD_46941bf0b99b,f6cfa555de7d,BROAD_117
England,E12000006,E07000144,Broadland,BROAD_3bb76f8fe3da,803ec63bb0af,BROAD_118
England,E12000006,E07000144,Broadland,BROAD_a64b3e43ba2c,f17b88cfd202,BROAD_119
England,E12000006,E07000144,Broadland,BROAD_9d2acaf618b6,7ea9fa1570f6,BROAD_120
